{
  "$otSharedSchema": "#/pipette/schemas/2/pipetteLiquidPropertiesSchema.json",
  "supportedTips": {
    "t20": {
      "uiMaxFlowRate": 189.1,
      "defaultAspirateFlowRate": {
        "default": 6,
        "valuesByApiLevel": { "2.14": 6 }
      },
      "defaultDispenseFlowRate": {
        "default": 6,
        "valuesByApiLevel": { "2.14": 6 }
      },
      "defaultBlowOutFlowRate": {
        "default": 10,
        "valuesByApiLevel": { "2.14": 10 }
      },
      "defaultFlowAcceleration": 16000.0,
      "defaultTipLength": 57.9,
      "defaultReturnTipHeight": 0.6,
      "aspirate": {
        "default": {
          "1": [
            [1.933333, 2.844459, 4.750159],
            [2.833333, 1.12901, 8.066694],
            [3.603333, 0.254744, 10.543779],
            [4.836667, 1.101839, 7.491414],
            [5.755, 0.277649, 11.47775],
            [6.643333, 0.14813, 12.223126],
            [7.548333, 0.145635, 12.239705],
            [8.475, 0.15097, 12.199433],
            [13.02, 0.071736, 12.870946],
            [22.318333, 0.042305, 13.254131]
          ]
        }
      },
      "dispense": {
        "default": {
          "1": [
            [1.933333, 2.844459, 4.750159],
            [2.833333, 1.12901, 8.066694],
            [3.603333, 0.254744, 10.543779],
            [4.836667, 1.101839, 7.491414],
            [5.755, 0.277649, 11.47775],
            [6.643333, 0.14813, 12.223126],
            [7.548333, 0.145635, 12.239705],
            [8.475, 0.15097, 12.199433],
            [13.02, 0.071736, 12.870946],
            [22.318333, 0.042305, 13.254131]
          ]
        }
      },
      "defaultPushOutVolume": 2
    },
    "t50": {
      "uiMaxFlowRate": 194,
      "defaultAspirateFlowRate": {
        "default": 6,
        "valuesByApiLevel": { "2.14": 6 }
      },
      "defaultDispenseFlowRate": {
        "default": 6,
        "valuesByApiLevel": { "2.14": 6 }
      },
      "defaultBlowOutFlowRate": {
        "default": 10,
        "valuesByApiLevel": { "2.14": 10 }
      },
      "defaultFlowAcceleration": 16000.0,
      "defaultTipLength": 57.9,
      "defaultReturnTipHeight": 0.2,
      "aspirate": {
        "default": {
          "1": [
            [0.6040,1.9387,0.7265],
            [1.0020,0.5052,1.5924],
            [1.5480,0.6099,1.4875],
            [2.0780,0.3391,1.9067],
            [2.5870,0.1922,2.2120],
            [3.3130,-0.1475,3.0906],
            [4.4180,0.1574,2.0807],
            [5.3740,0.0397,2.6007],
            [6.2700,0.0002,2.8129],
            [7.2090,0.0181,2.7005],
            [8.1410,0.0116,2.7476],
            [9.0560,0.0036,2.8125],
            [13.7870,0.0090,2.7636],
            [23.2400,0.0035,2.8396],
            [37.3870,0.0011,2.8942],
            [56.2040,0.0003,2.9235]
          ]
        }
      },
      "dispense": {
        "default": {
          "1": [
            [0.6040,1.9387,0.7265],
            [1.0020,0.5052,1.5924],
            [1.5480,0.6099,1.4875],
            [2.0780,0.3391,1.9067],
            [2.5870,0.1922,2.2120],
            [3.3130,-0.1475,3.0906],
            [4.4180,0.1574,2.0807],
            [5.3740,0.0397,2.6007],
            [6.2700,0.0002,2.8129],
            [7.2090,0.0181,2.7005],
            [8.1410,0.0116,2.7476],
            [9.0560,0.0036,2.8125],
            [13.7870,0.0090,2.7636],
            [23.2400,0.0035,2.8396],
            [37.3870,0.0011,2.8942],
            [56.2040,0.0003,2.9235]
          ]
        }
      },
      "defaultPushOutVolume": 7
    },
    "t200": {
      "uiMaxFlowRate": 194,
      "defaultAspirateFlowRate": {
        "default": 80,
        "valuesByApiLevel": { "2.14": 80 }
      },
      "defaultDispenseFlowRate": {
        "default": 80,
        "valuesByApiLevel": { "2.14": 80 }
      },
      "defaultBlowOutFlowRate": {
        "default": 10,
        "valuesByApiLevel": { "2.14": 10 }
      },
      "defaultFlowAcceleration": 16000.0,
      "defaultTipLength": 58.35,
      "defaultReturnTipHeight": 0.2,
      "aspirate": {
        "default": {
          "1": [
            [1.9331, 3.4604, 3.5588],
            [2.9808, 1.5307, 7.2892],
            [3.9869, 0.825, 9.3926],
            [4.9762, 0.5141, 10.6323],
            [5.9431, 0.3232, 11.5819],
            [6.9223, 0.2644, 11.9317],
            [7.8877, 0.1832, 12.4935],
            [8.8562, 0.1512, 12.7463],
            [47.7169, 0.0281, 13.836],
            [95.63, 0.0007, 15.147],
            [211.1169, 0.0005, 15.1655]
          ]
        }
      },
      "dispense": {
        "default": {
          "1": [
            [1.9331, 3.4604, 3.5588],
            [2.9808, 1.5307, 7.2892],
            [3.9869, 0.825, 9.3926],
            [4.9762, 0.5141, 10.6323],
            [5.9431, 0.3232, 11.5819],
            [6.9223, 0.2644, 11.9317],
            [7.8877, 0.1832, 12.4935],
            [8.8562, 0.1512, 12.7463],
            [47.7169, 0.0281, 13.836],
            [95.63, 0.0007, 15.147],
            [211.1169, 0.0005, 15.1655]
          ]
        }
      },
      "defaultPushOutVolume": 5
    }
  },
  "maxVolume": 200,
  "minVolume": 1,
  "defaultTipOverlapDictionary": {
    "default": 10.5,
    "opentrons/opentrons_flex_96_tiprack_20ul/1": 10.5,
    "opentrons/opentrons_flex_96_tiprack_50ul/1": 10.5,
    "opentrons/opentrons_flex_96_tiprack_200ul/1": 10.5,
    "opentrons/opentrons_flex_96_filtertiprack_20ul/1": 10.5,
    "opentrons/opentrons_flex_96_filtertiprack_50ul/1": 10.5,
    "opentrons/opentrons_flex_96_filtertiprack_200ul/1": 10.5
  },
  "defaultTipracks": [
    "opentrons/opentrons_flex_96_tiprack_200ul/1",
    "opentrons/opentrons_flex_96_tiprack_50ul/1",
    "opentrons/opentrons_flex_96_tiprack_20ul/1",
    "opentrons/opentrons_flex_96_filtertiprack_200ul/1",
    "opentrons/opentrons_flex_96_filtertiprack_20ul/1"
  ]
}
